,epoch,loss,val_loss
0,1,770.5324025154114,0.0
1,2,621.4605264663696,0.0
